variant,n_factions,seconds_per_turn_mean,seconds_per_turn_stdev,repeats,excluded_turns
default,4,3.8373,0.1929,3,0
default,8,4.2975,0.4651,3,0
default,16,5.1668,0.1148,3,0
default,32,7.1664,0.0190,3,0
default,64,14.3116,1.0817,3,0
prefix-off,4,3.7767,0.4518,3,0
prefix-off,8,5.4711,0.3913,3,0
prefix-off,16,8.8741,0.3637,3,0
prefix-off,32,21.0925,0.5863,3,0
prefix-off,64,74.1150,0.6075,3,0
guided-off,4,3.3080,0.5525,3,0
guided-off,8,3.9407,0.2319,3,0
guided-off,16,4.7801,0.1933,3,0
guided-off,32,6.1495,0.3656,3,0
guided-off,64,12.6003,0.2036,3,0
eager,4,5.2833,0.9012,3,0
eager,8,6.2640,0.9654,3,0
eager,16,6.4001,0.9309,3,0
eager,32,8.7179,0.2919,3,0
eager,64,14.5131,0.1440,3,0
cascade-on,4,3.5454,0.3435,3,0
cascade-on,8,4.0581,0.1302,3,0
cascade-on,16,4.5549,0.3188,3,0
cascade-on,32,5.9800,0.6225,3,0
cascade-on,64,12.6164,0.0395,3,0
